{
  "_fv": 69,
  "_type": "feature",
  "definition": {
    "skipPlacement": false,
    "generationStep": "SURFACE_STRUCTURES",
    "restrictionBiomes": [],
    "featurexml": "<xml xmlns=\"https://developers.google.com/blockly/xml\"><block type=\"feature_container\" deletable=\"false\" x=\"40\" y=\"40\"><value name=\"feature\"><block type=\"feature_tree_simple\"><mutation xmlns=\"http://www.w3.org/1999/xhtml\" inputs=\"0\"></mutation><field name=\"type\">oak</field><field name=\"base_height\">4</field><field name=\"height_variation_a\">2</field><field name=\"height_variation_b\">0</field><field name=\"force_dirt\">FALSE</field><field name=\"ignore_vines\">TRUE</field><comment pinned=\"false\" h=\"80\" w=\"160\">This block represents an oak tree, and should generate during the VEGETAL_DECORATION stage.</comment><value name=\"dirt\"><block type=\"blockstate_selector\"><mutation xmlns=\"http://www.w3.org/1999/xhtml\" inputs=\"0\"></mutation><field name=\"block\">Blocks.DIRT#0</field><comment pinned=\"false\" h=\"80\" w=\"160\">This is the block that will be placed under the trunk</comment></block></value><value name=\"trunk\"><block type=\"blockstate_selector\"><mutation xmlns=\"http://www.w3.org/1999/xhtml\" inputs=\"0\"></mutation><field name=\"block\">Blocks.LOG#0</field><comment pinned=\"false\" h=\"80\" w=\"160\">This is the block used for the trunk</comment></block></value><value name=\"foliage\"><block type=\"blockstate_selector\"><mutation xmlns=\"http://www.w3.org/1999/xhtml\" inputs=\"0\"></mutation><field name=\"block\">CUSTOM:Mangoleaves</field><comment pinned=\"false\" h=\"80\" w=\"160\">This is the block used for the leaves</comment></block></value><value name=\"root_placer\"><block type=\"root_placer_none\"><comment pinned=\"false\" h=\"80\" w=\"160\">Oak trees don't have roots</comment></block></value></block></value></block></xml>"
  }
}