{
  "_fv": 69,
  "_type": "musicdisc",
  "definition": {
    "name": "Music Disc",
    "rarity": "RARE",
    "texture": "toi",
    "description": "KSI - Thick Of It",
    "creativeTabs": [
      {
        "value": "TOOLS"
      },
      {
        "value": "CUSTOM:EpicItems"
      }
    ],
    "specialInformation": {
      "fixedValue": []
    },
    "glowCondition": {
      "fixedValue": false
    },
    "music": {
      "value": "CUSTOM:thickofit"
    },
    "lengthInTicks": 3540,
    "analogOutput": 0
  }
}